2	127155141	0.99	1	rs6720233
2	127156380	0.99	1	rs729665
2	127156774	0.99	1	rs13385169
2	127158985	0.99	1	rs6739711
2	127160173	0.99	1	rs7589659
2	127160373	0.99	1	rs6735116
2	127160458	0.99	1	rs6740727
2	127160469	0.99	1	rs6723828
2	127160485	0.99	1	rs6740825
2	127161007	0.99	1	rs72843649
2	127161180	0.99	1	rs57415470
2	127161256	0.99	1	rs55667827
2	127161663	1	1	rs4439906
2	127161665	1	1	rs4456650
2	127161908	0.97	0.99	rs13394319
2	127162044	1	1	rs905656
2	127162390	1	1	rs13387327
2	127163639	1	1	rs55743982
2	127164144	0.93	1	rs1983088
2	127164314	1	1	rs1983087
2	127164656	1	1	rs17701884
2	127164859	1	1	rs56022253
2	127164889	0.99	1	rs56404717
2	127165024	0.99	1	rs55653802
2	127165044	0.99	1	rs56112255
2	127165120	0.98	0.99	rs6742671
