Gene,hg19,leadVariant,A1,A1.frequency,BETA,SE,P,N
AGRN,1:985377,rs113020870,T,0.0041,0.069,0.013,3.83e-8,776379
CR1,1:207750568,rs679515,C,0.82,-0.022,0.0021,2.42e-25,762176
FHL2,2:106235428,rs115186657,C,0.0035,0.080,0.014,1.33e-8,727537
BIN1,2:127891427,rs4663105,C,0.41,0.022,0.0014,3.92e-58,1078540
INPP5D,2:234082577,rs7597763,C,0.45,0.0092,0.0016,4.65e-9,819541
CLNK,4:11014822,rs4504245,G,0.79,-0.012,0.0017,5.23e-12,1080458
TNIP1,5:150432388,rs871269,T,0.32,-0.0088,0.0014,1.37e-9,1089904
HAVCR2,5:156526331,rs6891966,G,0.77,0.0099,0.0016,7.91e-10,1089230
HLA-DRB1,6:32583813,rs1846190,A,0.30,-0.013,0.0018,2.66e-14,754040
TREM2,6:40942196,rs187370608,G,0.997,-0.16,0.015,1.26e-25,791668
CD2AP,6:47552180,rs9369716,T,0.27,0.013,0.0016,1.70e-17,1052285
TMEM106B,7:12268758,rs5011436,C,0.41,-0.0081,0.0014,2.70e-9,1123678
#ZCWPW1,7:99932049,rs7384878,T,0.69,0.012,0.0015,9.41e-16,1084138
PILRA,7:99932049,rs7384878,T,0.69,0.012,0.0015,9.41e-16,1084138
EPHA1,7:143104331,rs3935067,G,0.62,-0.0091,0.0014,4.69e-11,1117025
CLU,8:27466315,rs1532278,T,0.39,-0.013,0.0014,1.57e-22,1126563
SHARPIN,8:145108151,rs61732533,G,0.95,-0.018,0.0031,3.14e-9,1122653
ECHDC3,10:11718713,rs7912495,G,0.46,0.010,0.0013,7.68e-15,1120367
CCDC6,10:61738152,rs7902657,T,0.54,0.0074,0.0013,3.68e-8,1126388
MADD,11:47380340,rs3740688,T,0.54,0.0077,0.0013,8.78e-9,1123185
MS4A6A,11:60021948,rs1582763,G,0.62,0.016,0.0014,3.40e-33,1125804
PICALM,11:85800279,rs561655,G,0.35,-0.015,0.0014,1.24e-26,1126563
SORL1,11:121435587,rs11218343,T,0.96,0.027,0.0036,1.33e-13,1125100
FERMT2,14:53298853,rs7146179,G,0.89,-0.014,0.0022,6.99e-11,1089904
SLC24A4,14:92938855,rs12590654,G,0.67,0.012,0.0014,6.63e-17,1116967
ADAM10,15:59057023,rs602602,T,0.70,0.011,0.0015,6.22e-15,1124268
APH1B,15:63569902,rs117618017,T,0.13,0.015,0.0022,7.00e-12,889854
CHRNE,17:4969940,rs7209200,T,0.33,0.0078,0.0014,3.18e-8,1125637
GRN,17:42442344,rs708382,T,0.61,-0.0082,0.0014,1.98e-9,1125622
ABI3,17:47450775,rs28394864,G,0.54,-0.0085,0.0014,4.90e-10,1084218
RNF43,17:56409089,rs2632516,G,0.54,0.0084,0.0014,7.46e-10,1082451
ACE,17:61545779,rs6504163,T,0.61,0.0085,0.0014,1.23e-9,1083145
ABCA7,19:1050874,rs12151021,G,0.68,-0.011,0.0015,2.81e-15,1082434
APOE,19:45410444,rs769450,G,0.60,0.049,0.0014,1.02e-289,1126563
NTN5,19:49213504,rs2452170,G,0.47,-0.0077,0.0014,1.72e-8,1088626
CD33,19:51737991,rs1354106,G,0.37,-0.011,0.0017,2.21e-10,716038
KIR3DL2,19:54825174,rs1761461,C,0.49,0.0081,0.0013,1.56e-9,1116336
CASS4,20:54995699,rs6069737,T,0.083,-0.020,0.0025,6.73e-16,1087703
APP,21:27520931,rs2154482,T,0.44,-0.0083,0.0013,7.66e-10,1124606
